"Category","Archive","RelativePath","Extension","SizeKB","Width","Height","FirstSliceCandidate","SourcePath"
"Crimson Gothic Castle","Cimson Gothic Castle 2","Crimson Gothic Castle\Cimson Gothic Castle 2\Cimson Gothic Castle 2\Set 2 (4).png",".png","2237.5","1254","1254","Review","F:\Nocturne Signal\asset_intake\extracted\Crimson Gothic Castle\Cimson Gothic Castle 2\Cimson Gothic Castle 2\Set 2 (4).png"
"Crimson Gothic Castle","Cimson Gothic Castle 2","Crimson Gothic Castle\Cimson Gothic Castle 2\Cimson Gothic Castle 2\Set 2 (5).png",".png","2568.78","1254","1254","Review","F:\Nocturne Signal\asset_intake\extracted\Crimson Gothic Castle\Cimson Gothic Castle 2\Cimson Gothic Castle 2\Set 2 (5).png"
"Crimson Gothic Castle","Cimson Gothic Castle 2","Crimson Gothic Castle\Cimson Gothic Castle 2\Cimson Gothic Castle 2\Set 2 (6).png",".png","2121.77","1254","1254","Review","F:\Nocturne Signal\asset_intake\extracted\Crimson Gothic Castle\Cimson Gothic Castle 2\Cimson Gothic Castle 2\Set 2 (6).png"
"Crimson Gothic Castle","Cimson Gothic Castle 2","Crimson Gothic Castle\Cimson Gothic Castle 2\Cimson Gothic Castle 2\Set 2 (7).png",".png","2170.78","1254","1254","Review","F:\Nocturne Signal\asset_intake\extracted\Crimson Gothic Castle\Cimson Gothic Castle 2\Cimson Gothic Castle 2\Set 2 (7).png"
"Crimson Gothic Castle","Cimson Gothic Castle 2","Crimson Gothic Castle\Cimson Gothic Castle 2\Cimson Gothic Castle 2\Set 2 (8).png",".png","2362.24","1254","1254","Review","F:\Nocturne Signal\asset_intake\extracted\Crimson Gothic Castle\Cimson Gothic Castle 2\Cimson Gothic Castle 2\Set 2 (8).png"
"Crimson Gothic Castle","Cimson Gothic Castle 2","Crimson Gothic Castle\Cimson Gothic Castle 2\Cimson Gothic Castle 2\Set 2 (9).png",".png","2888.61","1254","1254","Review","F:\Nocturne Signal\asset_intake\extracted\Crimson Gothic Castle\Cimson Gothic Castle 2\Cimson Gothic Castle 2\Set 2 (9).png"
"Crimson Gothic Castle","Crimson Gothic Castle","Crimson Gothic Castle\Crimson Gothic Castle\Crimson Gothic Castle\Set 1 (1).png",".png","674.95","619","619","Review","F:\Nocturne Signal\asset_intake\extracted\Crimson Gothic Castle\Crimson Gothic Castle\Crimson Gothic Castle\Set 1 (1).png"
"Crimson Gothic Castle","Crimson Gothic Castle","Crimson Gothic Castle\Crimson Gothic Castle\Crimson Gothic Castle\Set 1 (2).png",".png","645.62","619","619","Review","F:\Nocturne Signal\asset_intake\extracted\Crimson Gothic Castle\Crimson Gothic Castle\Crimson Gothic Castle\Set 1 (2).png"
"Crimson Gothic Castle","Crimson Gothic Castle","Crimson Gothic Castle\Crimson Gothic Castle\Crimson Gothic Castle\Set 1 (3).png",".png","586.08","619","619","Review","F:\Nocturne Signal\asset_intake\extracted\Crimson Gothic Castle\Crimson Gothic Castle\Crimson Gothic Castle\Set 1 (3).png"
"Crimson Gothic Castle","Crimson Gothic Castle","Crimson Gothic Castle\Crimson Gothic Castle\Crimson Gothic Castle\Set 1 (4).png",".png","2115.02","1024","1024","Review","F:\Nocturne Signal\asset_intake\extracted\Crimson Gothic Castle\Crimson Gothic Castle\Crimson Gothic Castle\Set 1 (4).png"
"Crimson Gothic Castle","Crimson Gothic Castle 3","Crimson Gothic Castle\Crimson Gothic Castle 3\Crimson Gothic Castle 3\Set 3 (1).png",".png","3438.56","1254","1254","Review","F:\Nocturne Signal\asset_intake\extracted\Crimson Gothic Castle\Crimson Gothic Castle 3\Crimson Gothic Castle 3\Set 3 (1).png"
"Crimson Gothic Castle","Crimson Gothic Castle 3","Crimson Gothic Castle\Crimson Gothic Castle 3\Crimson Gothic Castle 3\Set 3 (2).png",".png","3156.64","1254","1254","Review","F:\Nocturne Signal\asset_intake\extracted\Crimson Gothic Castle\Crimson Gothic Castle 3\Crimson Gothic Castle 3\Set 3 (2).png"
"Crimson Gothic Castle","Crimson Gothic Castle 3","Crimson Gothic Castle\Crimson Gothic Castle 3\Crimson Gothic Castle 3\Set 3 (3).png",".png","2623.63","1254","1254","Review","F:\Nocturne Signal\asset_intake\extracted\Crimson Gothic Castle\Crimson Gothic Castle 3\Crimson Gothic Castle 3\Set 3 (3).png"
"Crimson Gothic Castle","Crimson Gothic Castle 3","Crimson Gothic Castle\Crimson Gothic Castle 3\Crimson Gothic Castle 3\Set 3 (4).png",".png","2750.5","1254","1254","Review","F:\Nocturne Signal\asset_intake\extracted\Crimson Gothic Castle\Crimson Gothic Castle 3\Crimson Gothic Castle 3\Set 3 (4).png"
"Crimson Gothic Castle","Crimson Gothic Castle 3","Crimson Gothic Castle\Crimson Gothic Castle 3\Crimson Gothic Castle 3\Set 3 (5).png",".png","3257.71","1254","1254","Review","F:\Nocturne Signal\asset_intake\extracted\Crimson Gothic Castle\Crimson Gothic Castle 3\Crimson Gothic Castle 3\Set 3 (5).png"
"Crimson Gothic Castle","Crimson Gothic Castle 3","Crimson Gothic Castle\Crimson Gothic Castle 3\Crimson Gothic Castle 3\Set 3 (6).png",".png","2838.32","1254","1254","Review","F:\Nocturne Signal\asset_intake\extracted\Crimson Gothic Castle\Crimson Gothic Castle 3\Crimson Gothic Castle 3\Set 3 (6).png"
"Crimson Gothic Castle","Crimson Gothic Castle 4","Crimson Gothic Castle\Crimson Gothic Castle 4\Crimson Gothic Castle 4\set 4 (1).png",".png","2868.27","1254","1254","Review","F:\Nocturne Signal\asset_intake\extracted\Crimson Gothic Castle\Crimson Gothic Castle 4\Crimson Gothic Castle 4\set 4 (1).png"
"Crimson Gothic Castle","Crimson Gothic Castle 4","Crimson Gothic Castle\Crimson Gothic Castle 4\Crimson Gothic Castle 4\set 4 (2).png",".png","2910.27","1254","1254","Review","F:\Nocturne Signal\asset_intake\extracted\Crimson Gothic Castle\Crimson Gothic Castle 4\Crimson Gothic Castle 4\set 4 (2).png"
"Crimson Gothic Castle","Crimson Gothic Castle 4","Crimson Gothic Castle\Crimson Gothic Castle 4\Crimson Gothic Castle 4\set 4 (3).png",".png","2815","1254","1254","Review","F:\Nocturne Signal\asset_intake\extracted\Crimson Gothic Castle\Crimson Gothic Castle 4\Crimson Gothic Castle 4\set 4 (3).png"
"Crimson Gothic Castle","Crimson Gothic Castle 4","Crimson Gothic Castle\Crimson Gothic Castle 4\Crimson Gothic Castle 4\set 4 (4).png",".png","3019.78","1254","1254","Review","F:\Nocturne Signal\asset_intake\extracted\Crimson Gothic Castle\Crimson Gothic Castle 4\Crimson Gothic Castle 4\set 4 (4).png"
"Crimson Gothic Castle","Crimson Gothic Castle 4","Crimson Gothic Castle\Crimson Gothic Castle 4\Crimson Gothic Castle 4\set 4 (5).png",".png","2698.59","1254","1254","Review","F:\Nocturne Signal\asset_intake\extracted\Crimson Gothic Castle\Crimson Gothic Castle 4\Crimson Gothic Castle 4\set 4 (5).png"
"Crimson Gothic Castle","Crimson Gothic Castle 4","Crimson Gothic Castle\Crimson Gothic Castle 4\Crimson Gothic Castle 4\set 4 (6).png",".png","2576.28","1254","1254","Review","F:\Nocturne Signal\asset_intake\extracted\Crimson Gothic Castle\Crimson Gothic Castle 4\Crimson Gothic Castle 4\set 4 (6).png"
"Crimson Gothic Castle","Crimson Gothic Castle 5","Crimson Gothic Castle\Crimson Gothic Castle 5\Crimson Gothic Castle 5\Set 5 (1).png",".png","3258.9","1254","1254","Review","F:\Nocturne Signal\asset_intake\extracted\Crimson Gothic Castle\Crimson Gothic Castle 5\Crimson Gothic Castle 5\Set 5 (1).png"
"Crimson Gothic Castle","Crimson Gothic Castle 5","Crimson Gothic Castle\Crimson Gothic Castle 5\Crimson Gothic Castle 5\Set 5 (2).png",".png","2896.46","1254","1254","Review","F:\Nocturne Signal\asset_intake\extracted\Crimson Gothic Castle\Crimson Gothic Castle 5\Crimson Gothic Castle 5\Set 5 (2).png"
"Crimson Gothic Castle","Crimson Gothic Castle 5","Crimson Gothic Castle\Crimson Gothic Castle 5\Crimson Gothic Castle 5\Set 5 (3).png",".png","3042.24","1254","1254","Review","F:\Nocturne Signal\asset_intake\extracted\Crimson Gothic Castle\Crimson Gothic Castle 5\Crimson Gothic Castle 5\Set 5 (3).png"
"Crimson Gothic Castle","Crimson Gothic Castle 5","Crimson Gothic Castle\Crimson Gothic Castle 5\Crimson Gothic Castle 5\Set 5 (4).png",".png","2559.1","1254","1254","Review","F:\Nocturne Signal\asset_intake\extracted\Crimson Gothic Castle\Crimson Gothic Castle 5\Crimson Gothic Castle 5\Set 5 (4).png"
"Crimson Gothic Castle","Crimson Gothic Castle 5","Crimson Gothic Castle\Crimson Gothic Castle 5\Crimson Gothic Castle 5\Set 5 (5).png",".png","3192.96","1254","1254","Review","F:\Nocturne Signal\asset_intake\extracted\Crimson Gothic Castle\Crimson Gothic Castle 5\Crimson Gothic Castle 5\Set 5 (5).png"
"Crimson Gothic Castle","Crimson Gothic Castle 5","Crimson Gothic Castle\Crimson Gothic Castle 5\Crimson Gothic Castle 5\Set 5 (6).png",".png","2760.48","1254","1254","Review","F:\Nocturne Signal\asset_intake\extracted\Crimson Gothic Castle\Crimson Gothic Castle 5\Crimson Gothic Castle 5\Set 5 (6).png"
"Dungeon Asset Pack","Barrels_ crates and sacks","Dungeon Asset Pack\Barrels_ crates and sacks\Barrels, crates and sacks.png",".png","1507.93","1536","1024","Review","F:\Nocturne Signal\asset_intake\extracted\Dungeon Asset Pack\Barrels_ crates and sacks\Barrels, crates and sacks.png"
"Dungeon Asset Pack","BLOOD AND GORE","Dungeon Asset Pack\BLOOD AND GORE\BLOOD AND GORE.png",".png","2200.25","1536","1024","Review","F:\Nocturne Signal\asset_intake\extracted\Dungeon Asset Pack\BLOOD AND GORE\BLOOD AND GORE.png"
"Dungeon Asset Pack","doors and arches","Dungeon Asset Pack\doors and arches\doors and arches.png",".png","1879.32","1536","1024","Review","F:\Nocturne Signal\asset_intake\extracted\Dungeon Asset Pack\doors and arches\doors and arches.png"
"Dungeon Asset Pack","Furniture and fixtures","Dungeon Asset Pack\Furniture and fixtures\Furniture and fixtures.png",".png","1277.93","1536","1024","Review","F:\Nocturne Signal\asset_intake\extracted\Dungeon Asset Pack\Furniture and fixtures\Furniture and fixtures.png"
"Dungeon Asset Pack","Jars_ pots and urns","Dungeon Asset Pack\Jars_ pots and urns\Jars, pots and urns.png",".png","1411.42","1536","1024","Review","F:\Nocturne Signal\asset_intake\extracted\Dungeon Asset Pack\Jars_ pots and urns\Jars, pots and urns.png"
"Dungeon Asset Pack","lightning fx","Dungeon Asset Pack\lightning fx\lightning fx.png",".png","804.82","1536","1024","Review","F:\Nocturne Signal\asset_intake\extracted\Dungeon Asset Pack\lightning fx\lightning fx.png"
"Dungeon Asset Pack","Magical and occult","Dungeon Asset Pack\Magical and occult\Magical and occult.png",".png","1651.76","1536","1024","Review","F:\Nocturne Signal\asset_intake\extracted\Dungeon Asset Pack\Magical and occult\Magical and occult.png"
"Dungeon Asset Pack","miscellaneous props","Dungeon Asset Pack\miscellaneous props\miscellaneous props.png",".png","2522.04","1536","1024","Review","F:\Nocturne Signal\asset_intake\extracted\Dungeon Asset Pack\miscellaneous props\miscellaneous props.png"
"Dungeon Asset Pack","Pillars and columns","Dungeon Asset Pack\Pillars and columns\Pillars and columns.png",".png","1001.46","1536","1024","Review","F:\Nocturne Signal\asset_intake\extracted\Dungeon Asset Pack\Pillars and columns\Pillars and columns.png"
"Dungeon Asset Pack","skeletons and bones","Dungeon Asset Pack\skeletons and bones\skeletons and bones.png",".png","1238.01","1254","1254","Review","F:\Nocturne Signal\asset_intake\extracted\Dungeon Asset Pack\skeletons and bones\skeletons and bones.png"
"Dungeon Asset Pack","special tiles","Dungeon Asset Pack\special tiles\special tiles.png",".png","1389.29","1536","1024","Review","F:\Nocturne Signal\asset_intake\extracted\Dungeon Asset Pack\special tiles\special tiles.png"
"Dungeon Asset Pack","statues and gargoyles","Dungeon Asset Pack\statues and gargoyles\statues and gargoyles.png",".png","2655.12","1536","1024","Review","F:\Nocturne Signal\asset_intake\extracted\Dungeon Asset Pack\statues and gargoyles\statues and gargoyles.png"
"Dungeon Asset Pack","Traps and mechanism","Dungeon Asset Pack\Traps and mechanism\Traps and mechanism.png",".png","1755.57","1536","1024","Review","F:\Nocturne Signal\asset_intake\extracted\Dungeon Asset Pack\Traps and mechanism\Traps and mechanism.png"
"Dungeon Asset Pack","Wall and floor details","Dungeon Asset Pack\Wall and floor details\Wall and floor details.png",".png","1506.04","1536","1024","Review","F:\Nocturne Signal\asset_intake\extracted\Dungeon Asset Pack\Wall and floor details\Wall and floor details.png"
"Dungeon Asset Pack","wall tiles","Dungeon Asset Pack\wall tiles\wall tiles.png",".png","2176.61","1536","1024","Review","F:\Nocturne Signal\asset_intake\extracted\Dungeon Asset Pack\wall tiles\wall tiles.png"
"Magic Forest Asset Pack","bridges and walkways","Magic Forest Asset Pack\bridges and walkways\bridges and walkways.png",".png","2240.93","1536","1024","Defer","F:\Nocturne Signal\asset_intake\extracted\Magic Forest Asset Pack\bridges and walkways\bridges and walkways.png"
"Magic Forest Asset Pack","Containers and items","Magic Forest Asset Pack\Containers and items\Containers and items.png",".png","1882.49","1536","1024","Defer","F:\Nocturne Signal\asset_intake\extracted\Magic Forest Asset Pack\Containers and items\Containers and items.png"
"Magic Forest Asset Pack","doors and structures","Magic Forest Asset Pack\doors and structures\doors and structures.png",".png","2058.99","1536","1024","Review","F:\Nocturne Signal\asset_intake\extracted\Magic Forest Asset Pack\doors and structures\doors and structures.png"
"Magic Forest Asset Pack","Floor tiles","Magic Forest Asset Pack\Floor tiles\Floor tiles.png",".png","2746.25","1536","1024","Review","F:\Nocturne Signal\asset_intake\extracted\Magic Forest Asset Pack\Floor tiles\Floor tiles.png"
"Magic Forest Asset Pack","furniture and interior","Magic Forest Asset Pack\furniture and interior\furniture and interior.png",".png","1979.37","1536","1024","Defer","F:\Nocturne Signal\asset_intake\extracted\Magic Forest Asset Pack\furniture and interior\furniture and interior.png"
"Magic Forest Asset Pack","Magic and effects","Magic Forest Asset Pack\Magic and effects\Magic and effects.png",".png","1931.01","1536","1024","Defer","F:\Nocturne Signal\asset_intake\extracted\Magic Forest Asset Pack\Magic and effects\Magic and effects.png"
"Magic Forest Asset Pack","magic crystal and lights","Magic Forest Asset Pack\magic crystal and lights\magic crystal and lights.png",".png","1702.72","1536","1024","Review","F:\Nocturne Signal\asset_intake\extracted\Magic Forest Asset Pack\magic crystal and lights\magic crystal and lights.png"
"Magic Forest Asset Pack","plants and flowers","Magic Forest Asset Pack\plants and flowers\plants and flowers.png",".png","1639.54","1536","1024","Defer","F:\Nocturne Signal\asset_intake\extracted\Magic Forest Asset Pack\plants and flowers\plants and flowers.png"
"Magic Forest Asset Pack","Rocks and stones","Magic Forest Asset Pack\Rocks and stones\Rocks and stones.png",".png","1816.01","1536","1024","Defer","F:\Nocturne Signal\asset_intake\extracted\Magic Forest Asset Pack\Rocks and stones\Rocks and stones.png"
"Magic Forest Asset Pack","Signs and misc","Magic Forest Asset Pack\Signs and misc\Signs and misc.png",".png","1754.86","1536","1024","Defer","F:\Nocturne Signal\asset_intake\extracted\Magic Forest Asset Pack\Signs and misc\Signs and misc.png"
"Magic Forest Asset Pack","Special Tiles","Magic Forest Asset Pack\Special Tiles\Special Tiles.png",".png","2443.64","1536","1024","Review","F:\Nocturne Signal\asset_intake\extracted\Magic Forest Asset Pack\Special Tiles\Special Tiles.png"
"Magic Forest Asset Pack","Statues and monuments","Magic Forest Asset Pack\Statues and monuments\Statues and monuments.png",".png","1740.87","1536","1024","Defer","F:\Nocturne Signal\asset_intake\extracted\Magic Forest Asset Pack\Statues and monuments\Statues and monuments.png"
"Magic Forest Asset Pack","trees and vegetation","Magic Forest Asset Pack\trees and vegetation\trees and vegetation.png",".png","1950.64","1536","1024","Defer","F:\Nocturne Signal\asset_intake\extracted\Magic Forest Asset Pack\trees and vegetation\trees and vegetation.png"
"Magic Forest Asset Pack","wall and floor details","Magic Forest Asset Pack\wall and floor details\wall and floor details.png",".png","2192.84","1536","1024","Review","F:\Nocturne Signal\asset_intake\extracted\Magic Forest Asset Pack\wall and floor details\wall and floor details.png"
"Magic Forest Asset Pack","wall tiles and cliffs","Magic Forest Asset Pack\wall tiles and cliffs\wall tiles and cliffs.png",".png","2307.48","1536","1024","Review","F:\Nocturne Signal\asset_intake\extracted\Magic Forest Asset Pack\wall tiles and cliffs\wall tiles and cliffs.png"
"Magic Forest Asset Pack","Water and liquids","Magic Forest Asset Pack\Water and liquids\Water and liquids.png",".png","2178.48","1536","1024","Defer","F:\Nocturne Signal\asset_intake\extracted\Magic Forest Asset Pack\Water and liquids\Water and liquids.png"
"Magic Forest Asset Pack","wooden and nature props","Magic Forest Asset Pack\wooden and nature props\wooden and nature props.png",".png","1790.25","1536","1024","Defer","F:\Nocturne Signal\asset_intake\extracted\Magic Forest Asset Pack\wooden and nature props\wooden and nature props.png"
"Magic wizard academy","1. Tower floor tiles","Magic wizard academy\1. Tower floor tiles\1. Tower floor tiles.png",".png","2881.03","1672","941","Review","F:\Nocturne Signal\asset_intake\extracted\Magic wizard academy\1. Tower floor tiles\1. Tower floor tiles.png"
"Magic wizard academy","10. Telescope and astronomy tools","Magic wizard academy\10. Telescope and astronomy tools\10. Telescope and astronomy tools.png",".png","1793.46","1672","941","Defer","F:\Nocturne Signal\asset_intake\extracted\Magic wizard academy\10. Telescope and astronomy tools\10. Telescope and astronomy tools.png"
"Magic wizard academy","11. Enchanted windows","Magic wizard academy\11. Enchanted windows\11. Enchanted windows.png",".png","2257.33","1672","941","Defer","F:\Nocturne Signal\asset_intake\extracted\Magic wizard academy\11. Enchanted windows\11. Enchanted windows.png"
"Magic wizard academy","12. Furniture and study Tables","Magic wizard academy\12. Furniture and study Tables\12. Furniture and study Tables.png",".png","2201.46","1672","941","Defer","F:\Nocturne Signal\asset_intake\extracted\Magic wizard academy\12. Furniture and study Tables\12. Furniture and study Tables.png"
"Magic wizard academy","13. Chairs and seating","Magic wizard academy\13. Chairs and seating\13. Chairs and seating.png",".png","1697.09","1536","1024","Defer","F:\Nocturne Signal\asset_intake\extracted\Magic wizard academy\13. Chairs and seating\13. Chairs and seating.png"
"Magic wizard academy","14. Mystical artifacts","Magic wizard academy\14. Mystical artifacts\14. Mystical artifacts.png",".png","1670.04","1619","972","Defer","F:\Nocturne Signal\asset_intake\extracted\Magic wizard academy\14. Mystical artifacts\14. Mystical artifacts.png"
"Magic wizard academy","15. Wizard Tower Doors","Magic wizard academy\15. Wizard Tower Doors\15. Wizard Tower Doors.png",".png","2504.72","1659","948","Review","F:\Nocturne Signal\asset_intake\extracted\Magic wizard academy\15. Wizard Tower Doors\15. Wizard Tower Doors.png"
"Magic wizard academy","16. Staircases and elevation","Magic wizard academy\16. Staircases and elevation\16. Staircases and elevation.png",".png","1874.78","1619","971","Defer","F:\Nocturne Signal\asset_intake\extracted\Magic wizard academy\16. Staircases and elevation\16. Staircases and elevation.png"
"Magic wizard academy","17. Magical plants and herbs","Magic wizard academy\17. Magical plants and herbs\17. Magical plants and herbs.png",".png","1741.65","1647","955","Defer","F:\Nocturne Signal\asset_intake\extracted\Magic wizard academy\17. Magical plants and herbs\17. Magical plants and herbs.png"
"Magic wizard academy","18. Arcane Crystals","Magic wizard academy\18. Arcane Crystals\18. Arcane Crystals.png",".png","1538.8","1536","1024","Defer","F:\Nocturne Signal\asset_intake\extracted\Magic wizard academy\18. Arcane Crystals\18. Arcane Crystals.png"
"Magic wizard academy","19. Academy decor","Magic wizard academy\19. Academy decor\19. Academy decor.png",".png","1713.15","1536","1024","Defer","F:\Nocturne Signal\asset_intake\extracted\Magic wizard academy\19. Academy decor\19. Academy decor.png"
"Magic wizard academy","2. Academy wall tiles","Magic wizard academy\2. Academy wall tiles\2. Academy wall tiles.png",".png","2143.25","1672","941","Review","F:\Nocturne Signal\asset_intake\extracted\Magic wizard academy\2. Academy wall tiles\2. Academy wall tiles.png"
"Magic wizard academy","20. Special magic tiles","Magic wizard academy\20. Special magic tiles\20. Special magic tiles.png",".png","2316.83","1672","941","Review","F:\Nocturne Signal\asset_intake\extracted\Magic wizard academy\20. Special magic tiles\20. Special magic tiles.png"
"Magic wizard academy","3. Bookshelves and bookcases","Magic wizard academy\3. Bookshelves and bookcases\3. Bookshelves and bookcases.png",".png","2066.35","1672","941","Defer","F:\Nocturne Signal\asset_intake\extracted\Magic wizard academy\3. Bookshelves and bookcases\3. Bookshelves and bookcases.png"
"Magic wizard academy","4. Spell books and scrolls","Magic wizard academy\4. Spell books and scrolls\4. Spell books and scrolls.png",".png","2175.24","1672","941","Defer","F:\Nocturne Signal\asset_intake\extracted\Magic wizard academy\4. Spell books and scrolls\4. Spell books and scrolls.png"
"Magic wizard academy","5. Potion bottles and ingredients","Magic wizard academy\5. Potion bottles and ingredients\5. Potion bottles and ingredients.png",".png","1837.69","1672","941","Defer","F:\Nocturne Signal\asset_intake\extracted\Magic wizard academy\5. Potion bottles and ingredients\5. Potion bottles and ingredients.png"
"Magic wizard academy","6. Cauldrons and brewing stations","Magic wizard academy\6. Cauldrons and brewing stations\6. Cauldrons and brewing stations.png",".png","1975.2","1672","941","Defer","F:\Nocturne Signal\asset_intake\extracted\Magic wizard academy\6. Cauldrons and brewing stations\6. Cauldrons and brewing stations.png"
"Magic wizard academy","7. Candles and floating Lights","Magic wizard academy\7. Candles and floating Lights\7. Candles and floating Lights.png",".png","1130.01","1672","940","Review","F:\Nocturne Signal\asset_intake\extracted\Magic wizard academy\7. Candles and floating Lights\7. Candles and floating Lights.png"
"Magic wizard academy","8. Magical runes and floor symbols","Magic wizard academy\8. Magical runes and floor symbols\8. Magical runes and floor symbols.png",".png","1257.87","1672","941","Review","F:\Nocturne Signal\asset_intake\extracted\Magic wizard academy\8. Magical runes and floor symbols\8. Magical runes and floor symbols.png"
"Magic wizard academy","9. Crystal balls and divination","Magic wizard academy\9. Crystal balls and divination\9. Crystal balls and divination.png",".png","2055.65","1672","941","Defer","F:\Nocturne Signal\asset_intake\extracted\Magic wizard academy\9. Crystal balls and divination\9. Crystal balls and divination.png"
"Medieval village town","1. Cobblestone floor tiles","Medieval village town\1. Cobblestone floor tiles\1. Cobblestone floor tiles.png",".png","1946.75","1254","1254","Review","F:\Nocturne Signal\asset_intake\extracted\Medieval village town\1. Cobblestone floor tiles\1. Cobblestone floor tiles.png"
"Medieval village town","10. Wooden fences and gates","Medieval village town\10. Wooden fences and gates\10. Wooden fences and gates.png",".png","1384.7","1672","941","Defer","F:\Nocturne Signal\asset_intake\extracted\Medieval village town\10. Wooden fences and gates\10. Wooden fences and gates.png"
"Medieval village town","11. Barrels_ Crates and sacks","Medieval village town\11. Barrels_ Crates and sacks\11. Barrels, Crates and sacks.png",".png","1457.07","1672","941","Defer","F:\Nocturne Signal\asset_intake\extracted\Medieval village town\11. Barrels_ Crates and sacks\11. Barrels, Crates and sacks.png"
"Medieval village town","12. Street Props","Medieval village town\12. Street Props\12. Street Props.png",".png","1491.24","1293","1217","Defer","F:\Nocturne Signal\asset_intake\extracted\Medieval village town\12. Street Props\12. Street Props.png"
"Medieval village town","13. Lamps and torches","Medieval village town\13. Lamps and torches\13. Lamps and torches.png",".png","992.68","1672","941","Review","F:\Nocturne Signal\asset_intake\extracted\Medieval village town\13. Lamps and torches\13. Lamps and torches.png"
"Medieval village town","14. Town square decorations","Medieval village town\14. Town square decorations\14. Town square decorations.png",".png","1352.12","1608","978","Defer","F:\Nocturne Signal\asset_intake\extracted\Medieval village town\14. Town square decorations\14. Town square decorations.png"
"Medieval village town","15. Trees and nature","Medieval village town\15. Trees and nature\15. Trees and nature.png",".png","1502.43","1536","1024","Defer","F:\Nocturne Signal\asset_intake\extracted\Medieval village town\15. Trees and nature\15. Trees and nature.png"
"Medieval village town","16. Gardens and crops","Medieval village town\16. Gardens and crops\16. Gardens and crops.png",".png","1825","1536","1024","Defer","F:\Nocturne Signal\asset_intake\extracted\Medieval village town\16. Gardens and crops\16. Gardens and crops.png"
"Medieval village town","17. Benches and seating","Medieval village town\17. Benches and seating\17. Benches and seating.png",".png","1393.81","1536","1024","Defer","F:\Nocturne Signal\asset_intake\extracted\Medieval village town\17. Benches and seating\17. Benches and seating.png"
"Medieval village town","18. Blacksmith props","Medieval village town\18. Blacksmith props\18. Blacksmith props.png",".png","1470.17","1536","1024","Defer","F:\Nocturne Signal\asset_intake\extracted\Medieval village town\18. Blacksmith props\18. Blacksmith props.png"
"Medieval village town","19. Tavern props","Medieval village town\19. Tavern props\19. Tavern props.png",".png","1511.23","1536","1024","Defer","F:\Nocturne Signal\asset_intake\extracted\Medieval village town\19. Tavern props\19. Tavern props.png"
"Medieval village town","2. Dirt path tiles","Medieval village town\2. Dirt path tiles\2. Dirt path tiles.png",".png","1844.15","1672","941","Defer","F:\Nocturne Signal\asset_intake\extracted\Medieval village town\2. Dirt path tiles\2. Dirt path tiles.png"
"Medieval village town","20. Decorative village details","Medieval village town\20. Decorative village details\20. Decorative village details.png",".png","1398.86","1536","1024","Defer","F:\Nocturne Signal\asset_intake\extracted\Medieval village town\20. Decorative village details\20. Decorative village details.png"
"Medieval village town","3. Grass and ground tiles","Medieval village town\3. Grass and ground tiles\3. Grass and ground tiles.png",".png","1842.05","1672","941","Defer","F:\Nocturne Signal\asset_intake\extracted\Medieval village town\3. Grass and ground tiles\3. Grass and ground tiles.png"
"Medieval village town","4. House wall tiles","Medieval village town\4. House wall tiles\4. House wall tiles.png",".png","1703.1","1672","941","Review","F:\Nocturne Signal\asset_intake\extracted\Medieval village town\4. House wall tiles\4. House wall tiles.png"
"Medieval village town","5. Roof tiles","Medieval village town\5. Roof tiles\5. Roof tiles.png",".png","1525.57","1672","941","Defer","F:\Nocturne Signal\asset_intake\extracted\Medieval village town\5. Roof tiles\5. Roof tiles.png"
"Medieval village town","6. Doors and entrances","Medieval village town\6. Doors and entrances\6. Doors and entrances.png",".png","1752.89","1672","941","Review","F:\Nocturne Signal\asset_intake\extracted\Medieval village town\6. Doors and entrances\6. Doors and entrances.png"
"Medieval village town","7. Windows and flower boxes","Medieval village town\7. Windows and flower boxes\7. Windows and flower boxes.png",".png","1567.07","1672","941","Defer","F:\Nocturne Signal\asset_intake\extracted\Medieval village town\7. Windows and flower boxes\7. Windows and flower boxes.png"
"Medieval village town","8. Market Stalls","Medieval village town\8. Market Stalls\8. Market Stalls.png",".png","1827.6","1672","940","Defer","F:\Nocturne Signal\asset_intake\extracted\Medieval village town\8. Market Stalls\8. Market Stalls.png"
"Medieval village town","9. Wells and water structures","Medieval village town\9. Wells and water structures\9. Wells and water structures.png",".png","1579.27","1672","940","Review","F:\Nocturne Signal\asset_intake\extracted\Medieval village town\9. Wells and water structures\9. Wells and water structures.png"
"Medieval village town","Free demo_","Medieval village town\Free demo_\Free demo!.png",".png","989.93","1536","1024","Defer","F:\Nocturne Signal\asset_intake\extracted\Medieval village town\Free demo_\Free demo!.png"
"Psychological Horror Dungeon","Barrels_ crates and objects","Psychological Horror Dungeon\Barrels_ crates and objects\Barrels, crates and objects.png",".png","2298.24","1226","1283","Review","F:\Nocturne Signal\asset_intake\extracted\Psychological Horror Dungeon\Barrels_ crates and objects\Barrels, crates and objects.png"
"Psychological Horror Dungeon","Decor and details","Psychological Horror Dungeon\Decor and details\Decor and details.png",".png","1721.76","1216","1293","Review","F:\Nocturne Signal\asset_intake\extracted\Psychological Horror Dungeon\Decor and details\Decor and details.png"
"Psychological Horror Dungeon","Doors and Arches_","Psychological Horror Dungeon\Doors and Arches_\Doors and Arches!.png",".png","1883.97","1332","1181","Review","F:\Nocturne Signal\asset_intake\extracted\Psychological Horror Dungeon\Doors and Arches_\Doors and Arches!.png"
"Psychological Horror Dungeon","Floor tiles and wall tiles","Psychological Horror Dungeon\Floor tiles and wall tiles\Floor tiles and wall tiles.png",".png","2139.27","1269","1239","Review","F:\Nocturne Signal\asset_intake\extracted\Psychological Horror Dungeon\Floor tiles and wall tiles\Floor tiles and wall tiles.png"
"Psychological Horror Dungeon","Furniture and fixtures","Psychological Horror Dungeon\Furniture and fixtures\Furniture and fixtures.png",".png","2035.35","1375","1144","Review","F:\Nocturne Signal\asset_intake\extracted\Psychological Horror Dungeon\Furniture and fixtures\Furniture and fixtures.png"
"Psychological Horror Dungeon","Jars_ pots and items","Psychological Horror Dungeon\Jars_ pots and items\Jars, pots and items.png",".png","1707.46","1190","1322","Review","F:\Nocturne Signal\asset_intake\extracted\Psychological Horror Dungeon\Jars_ pots and items\Jars, pots and items.png"
"Psychological Horror Dungeon","Lightning and fx","Psychological Horror Dungeon\Lightning and fx\Lightning and fx.png",".png","1511.14","1278","1231","Review","F:\Nocturne Signal\asset_intake\extracted\Psychological Horror Dungeon\Lightning and fx\Lightning and fx.png"
"Psychological Horror Dungeon","Occult and horror elements","Psychological Horror Dungeon\Occult and horror elements\Occult and horror elements.png",".png","2126.08","1254","1254","Review","F:\Nocturne Signal\asset_intake\extracted\Psychological Horror Dungeon\Occult and horror elements\Occult and horror elements.png"
"Psychological Horror Dungeon","Patch 1","Psychological Horror Dungeon\Patch 1\Corner tiles!.png",".png","1886.5","1536","1024","Review","F:\Nocturne Signal\asset_intake\extracted\Psychological Horror Dungeon\Patch 1\Corner tiles!.png"
"Psychological Horror Dungeon","Psychological elements","Psychological Horror Dungeon\Psychological elements\Psychological elements.png",".png","1886.44","1172","1342","Review","F:\Nocturne Signal\asset_intake\extracted\Psychological Horror Dungeon\Psychological elements\Psychological elements.png"
"Psychological Horror Dungeon","Special tiles","Psychological Horror Dungeon\Special tiles\Special tiles.png",".png","2804.55","1300","1209","Review","F:\Nocturne Signal\asset_intake\extracted\Psychological Horror Dungeon\Special tiles\Special tiles.png"
"Psychological Horror Dungeon","Statues and figures","Psychological Horror Dungeon\Statues and figures\Statues and figures.png",".png","2013.56","1254","1254","Review","F:\Nocturne Signal\asset_intake\extracted\Psychological Horror Dungeon\Statues and figures\Statues and figures.png"
"Psychological Horror Dungeon","Structures and columns","Psychological Horror Dungeon\Structures and columns\Structures and columns.png",".png","2225.17","1156","1360","Review","F:\Nocturne Signal\asset_intake\extracted\Psychological Horror Dungeon\Structures and columns\Structures and columns.png"
"Psychological Horror Dungeon","Traps and mechanism","Psychological Horror Dungeon\Traps and mechanism\Traps and mechanism.png",".png","2083.9","1254","1254","Review","F:\Nocturne Signal\asset_intake\extracted\Psychological Horror Dungeon\Traps and mechanism\Traps and mechanism.png"
"Psychological Horror Dungeon","Wall and floor details","Psychological Horror Dungeon\Wall and floor details\Wall and floor details.png",".png","1589.83","1254","1254","Review","F:\Nocturne Signal\asset_intake\extracted\Psychological Horror Dungeon\Wall and floor details\Wall and floor details.png"
"Psychological Horror Dungeon","Wall tiles","Psychological Horror Dungeon\Wall tiles\Wall tiles.png",".png","2390.43","1111","1416","Review","F:\Nocturne Signal\asset_intake\extracted\Psychological Horror Dungeon\Wall tiles\Wall tiles.png"
"Sakura Temple Asset Pack","Bridges and railings","Sakura Temple Asset Pack\Bridges and railings\Bridges and railings.png",".png","1284.84","1536","1024","Defer","F:\Nocturne Signal\asset_intake\extracted\Sakura Temple Asset Pack\Bridges and railings\Bridges and railings.png"
"Sakura Temple Asset Pack","Decorative framed garden tiles","Sakura Temple Asset Pack\Decorative framed garden tiles\Decorative framed garden tiles.png",".png","2337.74","1536","1024","Defer","F:\Nocturne Signal\asset_intake\extracted\Sakura Temple Asset Pack\Decorative framed garden tiles\Decorative framed garden tiles.png"
"Sakura Temple Asset Pack","Floor tiles","Sakura Temple Asset Pack\Floor tiles\Floor tiles.png",".png","1579.33","1536","1024","Review","F:\Nocturne Signal\asset_intake\extracted\Sakura Temple Asset Pack\Floor tiles\Floor tiles.png"
"Sakura Temple Asset Pack","Flowers and ground cover","Sakura Temple Asset Pack\Flowers and ground cover\Flowers and ground cover.png",".png","1906.13","1536","1024","Defer","F:\Nocturne Signal\asset_intake\extracted\Sakura Temple Asset Pack\Flowers and ground cover\Flowers and ground cover.png"
"Sakura Temple Asset Pack","Food_ drink and cafe props","Sakura Temple Asset Pack\Food_ drink and cafe props\Food, drink and cafe props.png",".png","1796.94","1536","1024","Defer","F:\Nocturne Signal\asset_intake\extracted\Sakura Temple Asset Pack\Food_ drink and cafe props\Food, drink and cafe props.png"
"Sakura Temple Asset Pack","Furniture and seating","Sakura Temple Asset Pack\Furniture and seating\Furniture and seating.png",".png","1680.68","1536","1024","Defer","F:\Nocturne Signal\asset_intake\extracted\Sakura Temple Asset Pack\Furniture and seating\Furniture and seating.png"
"Sakura Temple Asset Pack","Lanterns and lights","Sakura Temple Asset Pack\Lanterns and lights\Lanterns and lights.png",".png","1362.59","1536","1024","Review","F:\Nocturne Signal\asset_intake\extracted\Sakura Temple Asset Pack\Lanterns and lights\Lanterns and lights.png"
"Sakura Temple Asset Pack","Micro tiles","Sakura Temple Asset Pack\Micro tiles\Micro tiles.png",".png","1008.16","1536","1024","Defer","F:\Nocturne Signal\asset_intake\extracted\Sakura Temple Asset Pack\Micro tiles\Micro tiles.png"
"Sakura Temple Asset Pack","Miscellaneous props","Sakura Temple Asset Pack\Miscellaneous props\Miscellaneous props.png",".png","1393.32","1536","1024","Defer","F:\Nocturne Signal\asset_intake\extracted\Sakura Temple Asset Pack\Miscellaneous props\Miscellaneous props.png"
"Sakura Temple Asset Pack","Plants and bushes","Sakura Temple Asset Pack\Plants and bushes\Plants and bushes.png",".png","1574.14","1536","1024","Defer","F:\Nocturne Signal\asset_intake\extracted\Sakura Temple Asset Pack\Plants and bushes\Plants and bushes.png"
"Sakura Temple Asset Pack","Rocks and stones","Sakura Temple Asset Pack\Rocks and stones\Rocks and stones.png",".png","1000.15","1536","1024","Defer","F:\Nocturne Signal\asset_intake\extracted\Sakura Temple Asset Pack\Rocks and stones\Rocks and stones.png"
"Sakura Temple Asset Pack","Roof tiles","Sakura Temple Asset Pack\Roof tiles\Roof tiles.png",".png","959.78","1536","1024","Defer","F:\Nocturne Signal\asset_intake\extracted\Sakura Temple Asset Pack\Roof tiles\Roof tiles.png"
"Sakura Temple Asset Pack","Sakura trees","Sakura Temple Asset Pack\Sakura trees\Sakura trees.png",".png","1819.43","1536","1024","Defer","F:\Nocturne Signal\asset_intake\extracted\Sakura Temple Asset Pack\Sakura trees\Sakura trees.png"
"Sakura Temple Asset Pack","Service stations and counters","Sakura Temple Asset Pack\Service stations and counters\Service stations and counters.png",".png","1754.43","1536","1024","Defer","F:\Nocturne Signal\asset_intake\extracted\Sakura Temple Asset Pack\Service stations and counters\Service stations and counters.png"
"Sakura Temple Asset Pack","Shrine Gates","Sakura Temple Asset Pack\Shrine Gates\Shrine Gates.png",".png","1809.53","1536","1024","Defer","F:\Nocturne Signal\asset_intake\extracted\Sakura Temple Asset Pack\Shrine Gates\Shrine Gates.png"
"Sakura Temple Asset Pack","Stone patchs and walkways","Sakura Temple Asset Pack\Stone patchs and walkways\Stone patchs and walkways.png",".png","1566.55","1536","1024","Review","F:\Nocturne Signal\asset_intake\extracted\Sakura Temple Asset Pack\Stone patchs and walkways\Stone patchs and walkways.png"
"Sakura Temple Asset Pack","Stone planers and raised beds","Sakura Temple Asset Pack\Stone planers and raised beds\Stone planers and raised beds.png",".png","1836.32","1536","1024","Defer","F:\Nocturne Signal\asset_intake\extracted\Sakura Temple Asset Pack\Stone planers and raised beds\Stone planers and raised beds.png"
"Sakura Temple Asset Pack","temple building parts","Sakura Temple Asset Pack\temple building parts\temple building parts.png",".png","1872.63","1536","1024","Defer","F:\Nocturne Signal\asset_intake\extracted\Sakura Temple Asset Pack\temple building parts\temple building parts.png"
"Sakura Temple Asset Pack","Wall tiles and edges","Sakura Temple Asset Pack\Wall tiles and edges\Wall tiles and edges.png",".png","1064.63","1536","1024","Review","F:\Nocturne Signal\asset_intake\extracted\Sakura Temple Asset Pack\Wall tiles and edges\Wall tiles and edges.png"
"Sakura Temple Asset Pack","Water and ponds","Sakura Temple Asset Pack\Water and ponds\Water and ponds.png",".png","1838.89","1536","1024","Defer","F:\Nocturne Signal\asset_intake\extracted\Sakura Temple Asset Pack\Water and ponds\Water and ponds.png"
"Volcanic","1. Floor tiles","Volcanic\1. Floor tiles\1. Floor tiles.png",".png","2282.53","1672","941","Review","F:\Nocturne Signal\asset_intake\extracted\Volcanic\1. Floor tiles\1. Floor tiles.png"
"Volcanic","10. Spikes and harzards","Volcanic\10. Spikes and harzards\10. Spikes and harzards.png",".png","1617.24","1672","941","Defer","F:\Nocturne Signal\asset_intake\extracted\Volcanic\10. Spikes and harzards\10. Spikes and harzards.png"
"Volcanic","11. Chains and hooks","Volcanic\11. Chains and hooks\11. Chains and hooks.png",".png","1259.41","1672","941","Defer","F:\Nocturne Signal\asset_intake\extracted\Volcanic\11. Chains and hooks\11. Chains and hooks.png"
"Volcanic","12. Iron Gates and doors","Volcanic\12. Iron Gates and doors\12. Iron Gates and doors.png",".png","2104.74","1672","941","Review","F:\Nocturne Signal\asset_intake\extracted\Volcanic\12. Iron Gates and doors\12. Iron Gates and doors.png"
"Volcanic","13. Decorations","Volcanic\13. Decorations\13. Decorations.png",".png","1458.87","1672","941","Defer","F:\Nocturne Signal\asset_intake\extracted\Volcanic\13. Decorations\13. Decorations.png"
"Volcanic","14. Embers and particles","Volcanic\14. Embers and particles\14. Embers and particles.png",".png","867.61","1672","941","Defer","F:\Nocturne Signal\asset_intake\extracted\Volcanic\14. Embers and particles\14. Embers and particles.png"
"Volcanic","15. Cracked floor details","Volcanic\15. Cracked floor details\15. Cracked floor details.png",".png","1306.29","1672","941","Review","F:\Nocturne Signal\asset_intake\extracted\Volcanic\15. Cracked floor details\15. Cracked floor details.png"
"Volcanic","16. Lava geysers","Volcanic\16. Lava geysers\16. Lava geysers.png",".png","1309.54","1672","941","Defer","F:\Nocturne Signal\asset_intake\extracted\Volcanic\16. Lava geysers\16. Lava geysers.png"
"Volcanic","17. Bridges and walkways","Volcanic\17. Bridges and walkways\17. Bridges and walkways.png",".png","2226.74","1536","1024","Defer","F:\Nocturne Signal\asset_intake\extracted\Volcanic\17. Bridges and walkways\17. Bridges and walkways.png"
"Volcanic","18. Stairs and lifts","Volcanic\18. Stairs and lifts\18. Stairs and lifts.png",".png","1781.52","1536","1024","Defer","F:\Nocturne Signal\asset_intake\extracted\Volcanic\18. Stairs and lifts\18. Stairs and lifts.png"
"Volcanic","19. Miscellaneous","Volcanic\19. Miscellaneous\19. Miscellaneous.png",".png","1515.59","1536","1024","Defer","F:\Nocturne Signal\asset_intake\extracted\Volcanic\19. Miscellaneous\19. Miscellaneous.png"
"Volcanic","2. wall tiles","Volcanic\2. wall tiles\2. wall tiles.png",".png","1797.9","1672","941","Review","F:\Nocturne Signal\asset_intake\extracted\Volcanic\2. wall tiles\2. wall tiles.png"
"Volcanic","20. Environment Details","Volcanic\20. Environment Details\20. Environment Details.png",".png","1906.92","1536","1024","Defer","F:\Nocturne Signal\asset_intake\extracted\Volcanic\20. Environment Details\20. Environment Details.png"
"Volcanic","3. Lava tiles","Volcanic\3. Lava tiles\3. Lava tiles.png",".png","1774.58","1672","941","Defer","F:\Nocturne Signal\asset_intake\extracted\Volcanic\3. Lava tiles\3. Lava tiles.png"
"Volcanic","4. Lava flows","Volcanic\4. Lava flows\4. Lava flows.png",".png","1681.75","1672","941","Defer","F:\Nocturne Signal\asset_intake\extracted\Volcanic\4. Lava flows\4. Lava flows.png"
"Volcanic","5. Lava pools","Volcanic\5. Lava pools\5. Lava pools.png",".png","1962.05","1672","941","Defer","F:\Nocturne Signal\asset_intake\extracted\Volcanic\5. Lava pools\5. Lava pools.png"
"Volcanic","6. Rock obsidian tiles","Volcanic\6. Rock obsidian tiles\6. Rock obsidian tiles.png",".png","1623.89","1672","941","Defer","F:\Nocturne Signal\asset_intake\extracted\Volcanic\6. Rock obsidian tiles\6. Rock obsidian tiles.png"
"Volcanic","7. Rock Formations","Volcanic\7. Rock Formations\7. Rock Formations.png",".png","1379.09","1672","941","Defer","F:\Nocturne Signal\asset_intake\extracted\Volcanic\7. Rock Formations\7. Rock Formations.png"
"Volcanic","8. Volcanic pillars","Volcanic\8. Volcanic pillars\8. Volcanic pillars.png",".png","1505.86","1672","941","Defer","F:\Nocturne Signal\asset_intake\extracted\Volcanic\8. Volcanic pillars\8. Volcanic pillars.png"
"Volcanic","9. Fire Traps","Volcanic\9. Fire Traps\9. Fire Traps.png",".png","1465.73","1672","941","Defer","F:\Nocturne Signal\asset_intake\extracted\Volcanic\9. Fire Traps\9. Fire Traps.png"
"Volcanic","Free Demo_","Volcanic\Free Demo_\Free Demo!.png",".png","1808.96","1536","1024","Defer","F:\Nocturne Signal\asset_intake\extracted\Volcanic\Free Demo_\Free Demo!.png"
